,country,year,iso_code,population,co2,co2_growth_abs,co2_including_luc,co2_per_capita,co2_per_gdp,co2_per_unit_energy,energy_per_capita,energy_per_gdp,primary_energy_consumption,total_ghg
0,Australia,2007,AUS,20830832.0,399.676,7.24,478.73,19.187,0.437,0.265,72304.695,1.648,1506.167,649.59
1,Australia,2008,AUS,21247876.0,404.256,4.579,669.525,19.026,0.429,0.264,72089.344,1.626,1531.745,620.49
2,Australia,2009,AUS,21660898.0,407.477,3.221,513.325,18.812,0.422,0.27,69689.844,1.564,1509.545,638.23
3,Australia,2010,AUS,22019166.0,405.512,-1.965,930.031,18.416,0.408,0.269,68523.875,1.518,1508.839,619.73
4,Australia,2011,AUS,22357032.0,404.257,-1.255,672.947,18.082,0.394,0.259,69714.188,1.519,1558.602,661.98
5,Australia,2012,AUS,22729272.0,406.58,2.323,565.165,17.888,0.382,0.265,67583.031,1.443,1536.113,662.98
6,Australia,2013,AUS,23111788.0,399.288,-7.292,556.81,17.276,0.367,0.257,67307.039,1.431,1555.586,578.02
7,Australia,2014,AUS,23469578.0,393.049,-6.239,475.239,16.747,0.352,0.251,66744.195,1.402,1566.458,594.51
8,Australia,2015,AUS,23820240.0,401.378,8.329,437.515,16.85,0.35,0.251,67234.93,1.398,1601.552,594.35
9,Australia,2016,AUS,24195706.0,410.254,8.875,500.961,16.956,0.349,0.255,66407.094,1.366,1606.766,604.94
10,Australia,2017,AUS,24590336.0,413.655,3.402,458.144,16.822,0.343,0.258,65146.316,1.329,1601.97,651.17
11,Australia,2018,AUS,24979228.0,415.351,1.695,438.926,16.628,0.335,0.256,65072.668,1.312,1625.465,646.62
12,Australia,2019,AUS,25357168.0,415.811,0.461,425.544,16.398,,0.247,66263.539,,1680.256,636.3
13,Australia,2020,AUS,25670052.0,396.685,-19.126,400.012,15.453,,0.25,61826.211,,1587.082,585.42
14,Australia,2021,AUS,25921094.0,386.607,-10.078,380.45,14.915,,0.243,61439.91,,1592.59,
15,Australia,2022,AUS,26177410.0,392.279,5.672,376.878,14.985,,0.236,63458.84,,1661.188,
16,Austria,2007,AUT,8294720.0,74.118,-2.7,73.537,8.936,0.22,0.18,49669.195,1.225,411.992,79.23
17,Austria,2008,AUT,8321134.0,73.495,-0.622,73.125,8.832,0.214,0.175,50475.008,1.225,420.009,78.98
18,Austria,2009,AUT,8342939.0,67.315,-6.18,66.338,8.069,0.203,0.165,48765.184,1.228,406.845,71.79
19,Austria,2010,AUT,8362829.0,72.017,4.702,70.79,8.612,0.212,0.171,50240.961,1.24,420.157,77.58
20,Austria,2011,AUT,8391201.0,69.909,-2.108,68.801,8.331,0.2,0.177,47200.484,1.132,396.069,74.86
21,Austria,2012,AUT,8429641.0,67.283,-2.626,65.853,7.982,0.191,0.162,49174.594,1.176,414.524,71.42
22,Austria,2013,AUT,8479542.0,67.776,0.493,66.602,7.993,0.192,0.165,48493.574,1.165,411.203,72.03
23,Austria,2014,AUT,8546066.0,64.176,-3.6,62.968,7.509,0.181,0.163,46196.465,1.111,394.798,68.27
24,Austria,2015,AUT,8642422.0,66.366,2.19,64.573,7.679,0.185,0.168,45686.785,1.1,394.844,69.55
25,Austria,2016,AUT,8736491.0,67.227,0.861,65.111,7.695,0.185,0.165,46698.785,1.12,407.984,69.85
26,Austria,2017,AUT,8797497.0,69.609,2.382,67.721,7.912,0.186,0.167,47423.047,1.118,417.204,71.77
27,Austria,2018,AUT,8840518.0,66.572,-3.037,64.747,7.53,0.174,0.163,46186.543,1.068,408.313,68.66
28,Austria,2019,AUT,8879939.0,67.956,1.384,66.161,7.653,,0.158,48314.258,,429.028,69.7
29,Austria,2020,AUT,8907780.0,62.121,-5.835,59.957,6.974,,0.155,45028.27,,401.102,64.09
30,Austria,2021,AUT,8922086.0,66.019,3.897,63.929,7.399,,0.164,45241.051,,403.645,
31,Austria,2022,AUT,8939617.0,61.488,-4.53,59.63,6.878,,0.161,42685.379,,381.591,
32,Belgium,2007,BEL,10653698.0,120.463,-3.41,122.507,11.307,0.298,0.158,71662.344,1.886,763.469,118.24
33,Belgium,2008,BEL,10726720.0,120.17,-0.293,121.679,11.203,0.294,0.155,72317.906,1.9,775.734,120.96
34,Belgium,2009,BEL,10801357.0,107.765,-12.405,109.363,9.977,0.27,0.151,66274.0,1.792,715.849,114.45
35,Belgium,2010,BEL,10877948.0,114.604,6.839,115.77,10.535,0.278,0.15,70300.141,1.855,764.721,121.93
36,Belgium,2011,BEL,10955742.0,105.069,-9.536,105.85,9.59,0.25,0.147,65134.078,1.695,713.592,110.83
37,Belgium,2012,BEL,11031140.0,102.405,-2.664,104.472,9.283,0.243,0.15,62090.016,1.627,684.924,109.61
38,Belgium,2013,BEL,11103260.0,102.715,0.31,104.45,9.251,0.244,0.146,63218.379,1.666,701.93,110.55
39,Belgium,2014,BEL,11176727.0,97.029,-5.686,99.581,8.681,0.226,0.149,58234.559,1.519,650.872,104.43
40,Belgium,2015,BEL,11248306.0,101.146,4.116,104.728,8.992,0.233,0.154,58448.152,1.512,657.443,109.08
41,Belgium,2016,BEL,11316837.0,99.623,-1.523,101.86,8.803,0.227,0.14,62694.066,1.615,709.499,110.53
42,Belgium,2017,BEL,11384491.0,99.055,-0.568,102.367,8.701,0.221,0.138,62897.129,1.599,716.052,108.39
43,Belgium,2018,BEL,11448598.0,99.967,0.912,103.058,8.732,0.22,0.14,62384.855,1.572,714.219,109.15
44,Belgium,2019,BEL,11510569.0,99.47,-0.497,102.636,8.642,,0.135,64152.262,,738.429,108.29
45,Belgium,2020,BEL,11561716.0,91.101,-8.369,94.161,7.88,,0.137,57433.73,,664.032,100.27
46,Belgium,2021,BEL,11611416.0,95.668,4.567,98.885,8.239,,0.13,63592.086,,738.394,
47,Belgium,2022,BEL,11655923.0,89.605,-6.063,92.952,7.688,,0.132,58395.824,,680.657,
48,Canada,2007,CAN,32862458.0,593.755,25.171,760.951,18.068,0.43,0.152,119158.602,2.835,3915.844,1035.59
49,Canada,2008,CAN,33218542.0,576.809,-16.947,715.28,17.364,0.412,0.149,116479.148,2.766,3869.268,1011.07
50,Canada,2009,CAN,33593920.0,544.14,-32.669,655.273,16.198,0.4,0.146,110665.805,2.731,3717.698,976.14
51,Canada,2010,CAN,33963416.0,556.062,11.922,651.909,16.372,0.395,0.148,110485.93,2.666,3752.479,993.17
52,Canada,2011,CAN,34323536.0,565.254,9.192,681.809,16.468,0.388,0.145,113449.32,2.675,3893.982,843.7
53,Canada,2012,CAN,34691876.0,565.782,0.528,681.564,16.309,0.382,0.145,112586.703,2.639,3905.844,844.21
54,Canada,2013,CAN,35063696.0,569.54,3.758,691.786,16.243,0.376,0.142,114051.086,2.64,3999.052,856.35
55,Canada,2014,CAN,35404616.0,566.353,-3.187,698.927,15.997,0.365,0.141,113198.414,2.582,4007.746,864.27
56,Canada,2015,CAN,35732120.0,570.68,4.327,718.218,15.971,0.365,0.141,112891.758,2.577,4033.862,863.46
57,Canada,2016,CAN,36113532.0,557.69,-12.991,674.55,15.443,0.352,0.14,110180.789,2.509,3979.017,763.06
58,Canada,2017,CAN,36554344.0,566.652,8.962,721.88,15.502,0.346,0.14,110509.586,2.469,4039.605,779.98
59,Canada,2018,CAN,37035260.0,577.066,10.414,713.817,15.582,0.346,0.142,110059.281,2.442,4076.074,798.87
60,Canada,2019,CAN,37522584.0,578.588,1.521,708.518,15.42,,0.143,107980.758,,4051.717,781.78
61,Canada,2020,CAN,37888704.0,522.845,-55.742,645.677,13.8,,0.137,100497.281,,3807.712,731.54
62,Canada,2021,CAN,38155012.0,537.174,14.328,655.622,14.079,,0.14,100738.891,,3843.694,
63,Canada,2022,CAN,38454328.0,547.944,10.77,665.826,14.249,,0.139,102160.289,,3928.505,
64,Croatia,2007,HRV,4405542.0,24.86,1.313,20.08,5.643,0.306,0.229,24617.822,1.333,108.455,29.25
65,Croatia,2008,HRV,4393666.0,23.594,-1.265,14.973,5.37,0.28,0.219,24549.996,1.28,107.864,28.43
66,Croatia,2009,HRV,4382142.0,21.805,-1.789,14.967,4.976,0.275,0.205,24300.623,1.344,106.489,25.88
67,Croatia,2010,HRV,4368680.0,21.018,-0.787,12.904,4.811,0.266,0.194,24781.908,1.369,108.264,25.32
68,Croatia,2011,HRV,4351838.0,20.65,-0.368,13.862,4.745,0.258,0.219,21703.076,1.179,94.448,24.38
69,Croatia,2012,HRV,4331592.0,19.081,-1.569,28.717,4.405,0.244,0.218,20222.289,1.118,87.595,22.39
70,Croatia,2013,HRV,4308854.0,18.432,-0.649,16.556,4.278,0.238,0.192,22296.646,1.24,96.073,21.3
71,Croatia,2014,HRV,4283968.0,17.682,-0.751,16.834,4.127,0.229,0.184,22411.172,1.245,96.009,20.5
72,Croatia,2015,HRV,4254821.0,17.825,0.143,16.516,4.189,0.228,0.196,21392.176,1.164,91.02,21.11
73,Croatia,2016,HRV,4223748.0,18.109,0.284,14.569,4.287,0.226,0.191,22428.08,1.181,94.731,18.33
74,Croatia,2017,HRV,4192468.0,18.744,0.635,16.178,4.471,0.227,0.198,22608.02,1.145,94.783,18.98
75,Croatia,2018,HRV,4160488.0,17.724,-1.02,14.309,4.26,0.209,0.181,23593.492,1.155,98.16,17.87
76,Croatia,2019,HRV,4129749.0,17.857,0.133,14.366,4.324,,0.186,23200.729,,95.813,17.96
77,Croatia,2020,HRV,4096872.0,16.871,-0.987,13.356,4.118,,0.185,22304.447,,91.378,17.05
78,Croatia,2021,HRV,4060139.0,17.411,0.54,13.87,4.288,,0.177,24213.969,,98.312,
79,Croatia,2022,HRV,4030361.0,17.526,0.115,13.974,4.349,,0.185,23468.168,,94.585,
80,Czechia,2007,CZE,10337831.0,128.382,1.827,126.188,12.419,0.492,0.245,50659.105,2.008,523.705,138.0
81,Czechia,2008,CZE,10378586.0,122.951,-5.431,120.817,11.847,0.453,0.239,49488.312,1.893,513.619,132.56
82,Czechia,2009,CZE,10421515.0,114.999,-7.952,112.925,11.035,0.44,0.233,47287.844,1.885,492.811,126.62
83,Czechia,2010,CZE,10464750.0,117.491,2.492,115.962,11.227,0.434,0.229,49083.73,1.896,513.649,127.89
84,Czechia,2011,CZE,10496379.0,115.202,-2.289,113.763,10.975,0.412,0.229,47823.707,1.794,501.976,128.57
85,Czechia,2012,CZE,10511065.0,111.298,-3.904,96.316,10.589,0.401,0.223,47515.48,1.799,499.438,125.08
86,Czechia,2013,CZE,10514547.0,106.733,-4.566,93.488,10.151,0.386,0.218,46623.125,1.774,490.221,119.84
87,Czechia,2014,CZE,10517178.0,104.256,-2.477,90.986,9.913,0.367,0.217,45633.582,1.691,479.937,117.13
88,Czechia,2015,CZE,10523801.0,105.022,0.766,92.444,9.979,0.354,0.223,44728.676,1.587,470.716,119.02
89,Czechia,2016,CZE,10527584.0,106.681,1.659,94.715,10.133,0.351,0.23,44110.195,1.528,464.374,118.6
90,Czechia,2017,CZE,10531315.0,107.777,1.096,96.267,10.234,0.34,0.22,46583.094,1.547,490.581,118.66
91,Czechia,2018,CZE,10534598.0,106.358,-1.418,94.987,10.096,0.326,0.217,46420.684,1.5,489.023,117.4
92,Czechia,2019,CZE,10536876.0,101.033,-5.326,90.068,9.588,,0.211,45355.285,,477.903,112.1
93,Czechia,2020,CZE,10530951.0,91.697,-9.335,81.143,8.707,,0.207,42025.309,,442.566,102.64
94,Czechia,2021,CZE,10510748.0,96.665,4.968,86.54,9.197,,0.207,44385.371,,466.523,
95,Czechia,2022,CZE,10493990.0,97.969,1.304,88.262,9.336,,0.211,44242.148,,464.277,
96,Denmark,2007,DNK,5479722.0,54.709,-4.791,57.267,9.984,0.225,0.229,43548.508,0.982,238.634,71.17
97,Denmark,2008,DNK,5502752.0,51.256,-3.453,52.901,9.315,0.211,0.226,41183.277,0.932,226.621,67.62
98,Denmark,2009,DNK,5526455.0,48.851,-2.405,50.235,8.84,0.21,0.228,38827.246,0.923,214.577,64.68
99,Denmark,2010,DNK,5550850.0,49.19,0.338,56.666,8.862,0.207,0.216,41063.633,0.957,227.938,64.94
100,Denmark,2011,DNK,5576016.0,44.237,-4.953,45.866,7.933,0.182,0.207,38406.094,0.882,214.153,57.51
101,Denmark,2012,DNK,5600955.0,39.861,-4.376,42.636,7.117,0.164,0.2,35563.973,0.819,199.192,52.39
102,Denmark,2013,DNK,5625393.0,41.763,1.902,46.24,7.424,0.17,0.201,36936.711,0.846,207.784,53.79
103,Denmark,2014,DNK,5650654.0,37.571,-4.192,39.044,6.649,0.15,0.188,35394.48,0.801,200.002,49.59
104,Denmark,2015,DNK,5677795.0,35.111,-2.461,36.88,6.184,0.138,0.18,34312.848,0.768,194.821,47.57
105,Denmark,2016,DNK,5706856.0,36.917,1.806,38.903,6.469,0.144,0.187,34666.891,0.77,197.839,52.01
106,Denmark,2017,DNK,5737286.0,34.665,-2.252,35.863,6.042,0.132,0.174,34656.133,0.759,198.832,49.74
107,Denmark,2018,DNK,5766689.0,34.609,-0.056,35.666,6.002,0.129,0.176,34042.258,0.732,196.311,49.18
108,Denmark,2019,DNK,5795879.0,30.95,-3.659,31.871,5.34,,0.161,33139.277,,192.071,45.63
109,Denmark,2020,DNK,5825638.0,28.3,-2.651,29.105,4.858,,0.165,29380.422,,171.16,43.19
110,Denmark,2021,DNK,5854246.0,29.608,1.309,30.326,5.058,,0.157,32148.652,,188.206,
111,Denmark,2022,DNK,5882259.0,29.059,-0.549,29.71,4.94,,0.153,32197.939,,189.397,
112,Estonia,2007,EST,1340576.0,19.942,3.497,15.645,14.876,0.581,0.27,55017.598,2.15,73.755,24.18
113,Estonia,2008,EST,1337013.0,17.822,-2.12,14.821,13.33,0.558,0.263,50750.434,2.126,67.854,21.92
114,Estonia,2009,EST,1334557.0,14.417,-3.405,12.667,10.803,0.538,0.246,43997.602,2.192,58.717,18.43
115,Estonia,2010,EST,1331535.0,18.975,4.558,16.061,14.251,0.704,0.259,54935.602,2.714,73.149,23.03
116,Estonia,2011,EST,1327435.0,18.956,-0.019,16.246,14.28,0.664,0.26,54965.695,2.557,72.963,18.16
117,Estonia,2012,EST,1322682.0,17.772,-1.185,15.606,13.436,0.597,0.242,55555.875,2.469,73.483,16.7
118,Estonia,2013,EST,1317985.0,19.66,1.889,17.855,14.917,0.651,0.254,58773.523,2.566,77.463,18.58
119,Estonia,2014,EST,1314531.0,18.828,-0.832,18.064,14.323,0.607,0.254,56413.82,2.389,74.158,17.33
120,Estonia,2015,EST,1314658.0,15.824,-3.004,15.263,12.037,0.503,0.231,52196.047,2.179,68.62,14.12
121,Estonia,2016,EST,1315928.0,17.489,1.665,16.235,13.29,0.547,0.247,53774.246,2.214,70.763,23.59
122,Estonia,2017,EST,1317550.0,18.738,1.249,18.704,14.222,0.554,0.239,59568.551,2.322,78.485,24.49
123,Estonia,2018,EST,1322146.0,17.885,-0.854,17.867,13.527,0.505,0.23,58899.945,2.199,77.874,23.45
124,Estonia,2019,EST,1327039.0,12.324,-5.561,12.544,9.287,,0.196,47295.336,,62.763,17.8
125,Estonia,2020,EST,1329449.0,9.239,-3.085,9.761,6.949,,0.157,44218.281,,58.786,14.83
126,Estonia,2021,EST,1328704.0,10.42,1.181,11.248,7.842,,0.169,46380.293,,61.626,
127,Estonia,2022,EST,1326064.0,10.312,-0.108,11.413,7.776,,0.167,46504.863,,61.668,
128,Finland,2007,FIN,5288694.0,66.76,-1.611,82.154,12.623,0.316,0.175,72265.938,1.807,382.192,70.21
129,Finland,2008,FIN,5313358.0,58.621,-8.139,73.931,11.033,0.275,0.159,69352.664,1.728,368.496,62.01
130,Finland,2009,FIN,5338813.0,55.906,-2.715,69.394,10.472,0.286,0.164,63925.77,1.744,341.288,58.59
131,Finland,2010,FIN,5363279.0,64.081,8.175,78.681,11.948,0.318,0.173,69228.281,1.84,371.291,66.72
132,Finland,2011,FIN,5388173.0,56.638,-7.443,71.782,10.512,0.274,0.162,64942.777,1.69,349.923,19.24
133,Finland,2012,FIN,5413865.0,51.146,-5.492,65.575,9.447,0.251,0.15,62886.449,1.668,340.459,13.65
134,Finland,2013,FIN,5438873.0,51.715,0.569,68.014,9.508,0.255,0.151,62843.996,1.687,341.801,14.43
135,Finland,2014,FIN,5461436.0,47.619,-4.096,64.552,8.719,0.237,0.144,60391.238,1.638,329.823,10.41
136,Finland,2015,FIN,5479457.0,44.186,-3.433,62.367,8.064,0.219,0.134,60022.977,1.629,328.893,6.94
137,Finland,2016,FIN,5495217.0,47.248,3.062,66.229,8.598,0.231,0.141,60795.297,1.633,334.083,70.93
138,Finland,2017,FIN,5508146.0,44.654,-2.594,66.059,8.107,0.211,0.136,59405.816,1.548,327.216,68.21
139,Finland,2018,FIN,5515465.0,45.73,1.076,68.35,8.291,0.213,0.137,60528.164,1.556,333.841,69.77
140,Finland,2019,FIN,5521539.0,42.454,-3.276,65.325,7.689,,0.13,59219.418,,326.982,66.6
141,Finland,2020,FIN,5529468.0,37.735,-4.719,60.668,6.824,,0.12,56636.781,,313.171,61.7
142,Finland,2021,FIN,5535982.0,37.947,0.212,62.711,6.855,,0.119,57765.715,,319.79,
143,Finland,2022,FIN,5540745.0,36.163,-1.784,63.539,6.527,,0.111,58966.16,,326.716,
144,France,2007,FRA,61329380.0,396.198,-10.112,369.889,6.46,0.168,0.129,50095.922,1.305,3072.352,426.95
145,France,2008,FRA,61721004.0,389.427,-6.771,361.012,6.309,0.165,0.126,49932.984,1.305,3081.914,420.92
146,France,2009,FRA,62093300.0,370.966,-18.462,342.7,5.974,0.162,0.127,46864.531,1.268,2909.973,403.06
147,France,2010,FRA,62444568.0,376.564,5.598,347.831,6.03,0.161,0.126,48006.328,1.28,2997.734,407.0
148,France,2011,FRA,62775272.0,354.089,-22.475,326.676,5.641,0.148,0.123,45914.77,1.205,2882.312,396.23
149,France,2012,FRA,63071412.0,356.445,2.355,332.439,5.651,0.149,0.124,45681.148,1.203,2881.175,399.86
150,France,2013,FRA,63335180.0,358.487,2.043,337.233,5.66,0.148,0.123,45921.207,1.204,2908.428,400.78
151,France,2014,FRA,63588496.0,327.009,-31.478,306.289,5.143,0.135,0.117,43808.914,1.149,2785.743,367.33
152,France,2015,FRA,63809768.0,331.414,4.405,317.056,5.194,0.135,0.118,43929.527,1.143,2803.133,372.72
153,France,2016,FRA,63989320.0,334.005,2.591,315.409,5.22,0.135,0.121,43053.949,1.111,2754.993,372.24
154,France,2017,FRA,64144092.0,336.896,2.891,322.054,5.252,0.133,0.123,42633.387,1.078,2734.68,375.56
155,France,2018,FRA,64277812.0,322.079,-14.817,302.721,5.011,0.125,0.116,43334.203,1.079,2785.428,360.98
156,France,2019,FRA,64399760.0,315.45,-6.629,297.02,4.898,,0.116,42326.785,,2725.835,351.6
157,France,2020,FRA,64480052.0,281.539,-33.911,263.456,4.366,,0.115,38063.406,,2454.33,314.57
158,France,2021,FRA,64531448.0,306.776,25.237,290.016,4.754,,0.117,40464.465,,2611.23,
159,France,2022,FRA,64626624.0,297.534,-9.242,281.911,4.604,,0.128,36051.793,,2329.906,
160,Germany,2007,DEU,81183832.0,850.23,-27.268,837.065,10.473,0.26,0.218,47958.129,1.191,3893.425,904.52
161,Germany,2008,DEU,81217488.0,852.858,2.628,839.342,10.501,0.255,0.217,48445.984,1.178,3934.661,907.34
162,Germany,2009,DEU,81260624.0,788.286,-64.572,771.523,9.701,0.247,0.214,45436.277,1.158,3692.18,850.86
163,Germany,2010,DEU,81325088.0,831.13,42.844,818.476,10.22,0.248,0.216,47305.82,1.146,3847.15,881.31
164,Germany,2011,DEU,81423384.0,807.614,-23.516,793.163,9.919,0.229,0.218,45571.504,1.054,3710.586,840.75
165,Germany,2012,DEU,81545568.0,812.816,5.202,803.035,9.968,0.23,0.216,46132.672,1.064,3761.915,853.95
166,Germany,2013,DEU,81680592.0,833.804,20.989,825.475,10.208,0.235,0.216,47361.547,1.089,3868.519,870.32
167,Germany,2014,DEU,81858824.0,794.738,-39.066,788.546,9.709,0.22,0.214,45327.562,1.028,3710.461,829.47
168,Germany,2015,DEU,82073232.0,798.085,3.346,790.941,9.724,0.217,0.211,46066.887,1.029,3780.858,834.14
169,Germany,2016,DEU,82331432.0,801.745,3.66,796.912,9.738,0.215,0.209,46675.777,1.029,3842.884,836.97
170,Germany,2017,DEU,82624368.0,785.986,-15.759,781.653,9.513,0.205,0.202,47112.898,1.017,3892.673,819.67
171,Germany,2018,DEU,82896696.0,754.811,-31.175,745.749,9.105,0.194,0.199,45781.406,0.977,3795.127,791.0
172,Germany,2019,DEU,83148144.0,707.491,-47.32,698.699,8.509,,0.191,44467.746,,3697.411,740.08
173,Germany,2020,DEU,83328992.0,647.252,-60.239,638.599,7.767,,0.188,41377.68,,3447.96,681.18
174,Germany,2021,DEU,83408560.0,678.799,31.547,670.441,8.138,,0.191,42555.059,,3549.456,
175,Germany,2022,DEU,83369840.0,665.605,-13.194,657.516,7.984,,0.195,40977.492,,3416.287,
176,Greece,2007,GRC,11091491.0,114.546,2.126,104.709,10.327,0.362,0.273,37808.297,1.326,419.35,125.2
177,Greece,2008,GRC,11073621.0,111.08,-3.465,100.972,10.031,0.349,0.27,37168.062,1.294,411.585,120.78
178,Greece,2009,GRC,11055503.0,104.32,-6.761,95.54,9.436,0.34,0.263,35855.25,1.29,396.398,114.21
179,Greece,2010,GRC,11033784.0,97.354,-6.966,87.57,8.823,0.332,0.257,34298.055,1.292,378.437,107.34
180,Greece,2011,GRC,11004730.0,94.505,-2.849,84.809,8.588,0.352,0.255,33738.633,1.382,371.285,106.75
181,Greece,2012,GRC,10963633.0,91.393,-3.113,81.346,8.336,0.367,0.262,31860.057,1.403,349.302,102.3
182,Greece,2013,GRC,10914501.0,81.713,-9.679,62.354,7.487,0.339,0.249,30079.553,1.363,328.303,94.63
183,Greece,2014,GRC,10862972.0,78.636,-3.077,61.067,7.239,0.325,0.255,28344.934,1.274,307.91,91.55
184,Greece,2015,GRC,10806644.0,74.928,-3.709,55.002,6.933,0.311,0.24,28845.504,1.292,311.723,89.81
185,Greece,2016,GRC,10749742.0,71.361,-3.567,48.602,6.638,0.295,0.232,28556.062,1.27,306.97,88.53
186,Greece,2017,GRC,10692230.0,74.843,3.482,50.53,7.0,0.305,0.232,30131.885,1.313,322.177,88.13
187,Greece,2018,GRC,10633275.0,71.781,-3.063,50.995,6.751,0.287,0.222,30475.123,1.296,324.05,85.41
188,Greece,2019,GRC,10574026.0,65.759,-6.021,42.434,6.219,,0.208,29966.309,,316.865,79.93
189,Greece,2020,GRC,10512232.0,55.62,-10.14,30.688,5.291,,0.201,26343.523,,276.929,70.56
190,Greece,2021,GRC,10445368.0,57.556,1.937,31.499,5.51,,0.19,28961.367,,302.512,
191,Greece,2022,GRC,10384972.0,59.663,2.106,32.414,5.745,,0.189,30410.344,,315.811,
192,Hungary,2007,HUN,10041171.0,58.631,-1.078,52.577,5.839,0.295,0.197,29686.33,1.5,298.086,72.13
193,Hungary,2008,HUN,10023508.0,57.326,-1.305,51.654,5.719,0.28,0.195,29320.721,1.437,293.896,70.75
194,Hungary,2009,HUN,10008581.0,51.542,-5.784,40.345,5.15,0.264,0.189,27245.459,1.398,272.688,64.91
195,Hungary,2010,HUN,9986832.0,52.087,0.545,41.066,5.216,0.26,0.187,27819.338,1.387,277.827,64.87
196,Hungary,2011,HUN,9953247.0,50.253,-1.834,40.53,5.049,0.242,0.186,27072.971,1.296,269.464,63.19
197,Hungary,2012,HUN,9922133.0,46.819,-3.434,36.058,4.719,0.229,0.186,25308.668,1.227,251.116,59.32
198,Hungary,2013,HUN,9894637.0,43.67,-3.149,33.853,4.413,0.209,0.183,24057.617,1.139,238.041,56.96
199,Hungary,2014,HUN,9867906.0,43.792,0.122,34.248,4.438,0.201,0.184,24145.828,1.096,238.269,57.25
200,Hungary,2015,HUN,9844250.0,46.717,2.926,38.057,4.746,0.208,0.186,25501.146,1.119,251.04,60.18
201,Hungary,2016,HUN,9815106.0,47.179,0.461,39.181,4.807,0.207,0.185,26030.773,1.119,255.495,61.49
202,Hungary,2017,HUN,9788940.0,49.58,2.402,41.681,5.065,0.208,0.184,27509.971,1.13,269.293,66.51
203,Hungary,2018,HUN,9776361.0,49.534,-0.046,42.265,5.067,0.198,0.183,27740.646,1.083,271.203,66.09
204,Hungary,2019,HUN,9771799.0,49.31,-0.224,42.454,5.046,,0.179,28131.205,,274.892,63.89
205,Hungary,2020,HUN,9750571.0,47.335,-1.975,40.703,4.855,,0.175,27724.254,,270.327,61.39
206,Hungary,2021,HUN,9709784.0,48.564,1.228,42.279,5.002,,0.171,29247.697,,283.989,
207,Hungary,2022,HUN,9967304.0,44.354,-4.21,38.447,4.45,,0.167,26660.49,,265.733,
208,Iceland,2007,ISL,311859.0,3.495,0.339,3.662,11.207,0.273,0.078,144361.562,3.516,45.02,4.46
209,Iceland,2008,ISL,317722.0,3.813,0.318,4.035,12.0,0.294,0.068,177673.469,4.36,56.451,4.36
210,Iceland,2009,ISL,318809.0,3.731,-0.082,3.916,11.703,0.311,0.066,176767.391,4.695,56.355,4.03
211,Iceland,2010,ISL,318346.0,3.627,-0.104,4.652,11.395,0.315,0.064,177121.828,4.89,56.386,3.9
212,Iceland,2011,ISL,319308.0,3.505,-0.123,3.739,10.976,0.299,0.062,176561.359,4.812,56.377,3.66
213,Iceland,2012,ISL,320988.0,3.501,-0.003,3.909,10.908,0.295,0.062,177259.344,4.798,56.898,3.65
214,Iceland,2013,ISL,324036.0,3.49,-0.011,3.797,10.771,0.282,0.059,181204.219,4.742,58.717,3.81
215,Iceland,2014,ISL,327650.0,3.447,-0.043,3.741,10.52,0.273,0.059,178940.125,4.646,58.63,3.87
216,Iceland,2015,ISL,331068.0,3.544,0.097,3.84,10.704,0.27,0.058,184878.391,4.659,61.207,3.92
217,Iceland,2016,ISL,335677.0,3.496,-0.048,3.795,10.413,0.248,0.057,183038.078,4.354,61.442,3.46
218,Iceland,2017,ISL,343641.0,3.612,0.117,3.959,10.512,0.245,0.056,186955.547,4.355,64.246,3.51
219,Iceland,2018,ISL,352951.0,3.669,0.057,4.009,10.395,0.24,0.055,188294.0,4.339,66.459,3.53
220,Iceland,2019,ISL,360787.0,3.559,-0.11,3.877,9.864,,0.056,175527.734,,63.328,3.46
221,Iceland,2020,ISL,366682.0,3.34,-0.219,3.648,9.108,,0.058,155754.594,,57.112,3.27
222,Iceland,2021,ISL,370338.0,3.51,0.17,3.821,9.478,,0.06,156923.656,,58.115,
223,Iceland,2022,ISL,372903.0,3.543,0.032,3.867,9.5,,0.057,165870.875,,61.854,
224,Israel,2007,ISR,6952007.0,62.8,0.651,62.345,9.033,0.325,0.246,36725.434,1.319,255.315,83.62
225,Israel,2008,ISR,7074530.0,67.98,5.18,67.895,9.609,0.342,0.259,37139.566,1.323,262.745,84.29
226,Israel,2009,ISR,7199704.0,63.861,-4.119,63.385,8.87,0.318,0.25,35460.906,1.272,255.308,83.76
227,Israel,2010,ISR,7328439.0,68.287,4.426,68.099,9.318,0.323,0.257,36229.891,1.256,265.509,89.22
228,Israel,2011,ISR,7459750.0,68.595,0.308,68.795,9.195,0.31,0.254,36258.531,1.222,270.48,88.97
229,Israel,2012,ISR,7592099.0,74.785,6.19,74.659,9.85,0.33,0.264,37267.684,1.248,282.94,95.5
230,Israel,2013,ISR,7726675.0,63.095,-11.69,63.74,8.166,0.267,0.236,34654.492,1.132,267.764,87.0
231,Israel,2014,ISR,7863849.0,60.282,-2.813,60.337,7.666,0.247,0.231,33226.094,1.07,261.285,85.15
232,Israel,2015,ISR,8007777.0,62.939,2.657,62.818,7.86,0.252,0.228,34426.469,1.102,275.679,87.26
233,Israel,2016,ISR,8159015.0,61.161,-1.778,64.899,7.496,0.235,0.217,34475.207,1.081,281.284,87.17
234,Israel,2017,ISR,8309256.0,58.842,-2.319,60.407,7.081,0.218,0.205,34537.309,1.065,286.979,88.72
235,Israel,2018,ISR,8456487.0,59.986,1.144,61.676,7.093,0.215,0.206,34493.293,1.046,291.692,85.08
236,Israel,2019,ISR,8607922.0,58.659,-1.327,60.444,6.815,,0.194,35085.457,,302.013,87.27
237,Israel,2020,ISR,8757487.0,55.698,-2.962,57.568,6.36,,0.195,32593.809,,285.44,83.75
238,Israel,2021,ISR,8900057.0,54.849,-0.848,56.793,6.163,,0.189,32588.326,,290.038,
239,Israel,2022,ISR,9038313.0,56.118,1.269,58.121,6.209,,0.185,33643.016,,304.076,
240,Italy,2007,ITA,58778480.0,490.653,-6.281,464.46,8.347,0.231,0.228,36549.078,1.012,2148.299,503.32
241,Italy,2008,ITA,59224228.0,479.077,-11.576,434.9,8.089,0.226,0.227,35659.477,0.998,2111.905,488.28
242,Italy,2009,ITA,59562844.0,424.953,-54.124,395.374,7.135,0.211,0.216,33102.941,0.979,1971.705,439.28
243,Italy,2010,ITA,59822452.0,436.534,11.582,391.515,7.297,0.212,0.214,34046.293,0.988,2036.733,447.87
244,Italy,2011,ITA,60025952.0,424.739,-11.795,390.181,7.076,0.203,0.213,33284.145,0.957,1997.912,437.33
245,Italy,2012,ITA,60190152.0,404.261,-20.479,356.078,6.716,0.199,0.208,32295.604,0.958,1943.877,419.16
246,Italy,2013,ITA,60312600.0,370.254,-34.007,322.81,6.139,0.186,0.199,30816.119,0.932,1858.6,387.19
247,Italy,2014,ITA,60322792.0,350.127,-20.127,301.954,5.804,0.175,0.199,29214.832,0.883,1762.32,367.54
248,Italy,2015,ITA,60232908.0,361.936,11.809,318.796,6.009,0.18,0.199,30129.141,0.902,1814.766,379.14
249,Italy,2016,ITA,60118628.0,358.814,-3.122,320.757,5.968,0.177,0.197,30305.607,0.899,1821.932,396.47
250,Italy,2017,ITA,60004024.0,353.419,-5.395,310.855,5.89,0.171,0.192,30716.617,0.894,1843.121,391.2
251,Italy,2018,ITA,59877432.0,349.827,-3.592,307.65,5.842,0.168,0.189,30957.242,0.892,1853.64,386.15
252,Italy,2019,ITA,59727936.0,340.403,-9.424,300.026,5.699,,0.187,30464.062,,1819.556,377.08
253,Italy,2020,ITA,59500576.0,303.281,-37.121,263.102,5.097,,0.184,27763.801,,1651.962,339.21
254,Italy,2021,ITA,59240336.0,337.23,33.949,297.446,5.693,,0.192,29723.066,,1760.804,
255,Italy,2022,ITA,59037472.0,338.097,0.867,298.672,5.727,,0.198,28910.201,,1706.785,
256,Japan,2007,JPN,128006424.0,1302.837,35.718,1291.963,10.178,0.284,0.211,48292.938,1.347,6181.806,1206.97
257,Japan,2008,JPN,128077632.0,1232.014,-70.823,1222.123,9.619,0.272,0.203,47418.41,1.339,6073.238,1137.15
258,Japan,2009,JPN,128117040.0,1163.057,-68.957,1152.843,9.078,0.271,0.21,43254.305,1.292,5541.613,1079.49
259,Japan,2010,JPN,128105432.0,1214.707,51.65,1203.942,9.482,0.272,0.206,46114.938,1.323,5907.574,1136.98
260,Japan,2011,JPN,128007256.0,1264.631,49.924,1255.794,9.879,0.284,0.226,43712.98,1.255,5595.579,1243.62
261,Japan,2012,JPN,127853688.0,1305.884,41.252,1300.087,10.214,0.289,0.235,43428.844,1.227,5552.538,1287.06
262,Japan,2013,JPN,127678920.0,1315.192,9.309,1308.648,10.301,0.285,0.239,43171.461,1.195,5512.085,1302.82
263,Japan,2014,JPN,127476728.0,1264.072,-51.12,1258.506,9.916,0.273,0.235,42146.168,1.16,5372.656,1255.98
264,Japan,2015,JPN,127250936.0,1223.169,-40.903,1218.842,9.612,0.261,0.231,41622.672,1.13,5296.524,1219.3
265,Japan,2016,JPN,126993856.0,1202.454,-20.714,1199.07,9.469,0.254,0.23,41172.285,1.105,5228.627,1226.53
266,Japan,2017,JPN,126662464.0,1186.802,-15.652,1184.882,9.37,0.245,0.224,41783.035,1.093,5292.342,1209.79
267,Japan,2018,JPN,126255872.0,1141.669,-45.133,1140.846,9.043,0.235,0.217,41694.16,1.082,5264.132,1166.41
268,Japan,2019,JPN,125791680.0,1104.54,-37.129,1105.044,8.781,,0.215,40868.688,,5140.941,1125.76
269,Japan,2020,JPN,125244760.0,1039.796,-64.744,1041.45,8.302,,0.218,38029.27,,4762.967,1062.78
270,Japan,2021,JPN,124612528.0,1062.129,22.333,1065.054,8.523,,0.213,39995.086,,4983.889,
271,Japan,2022,JPN,123951696.0,1053.798,-8.331,1058.027,8.502,,0.213,39984.914,,4956.198,
272,Latvia,2007,LVA,2176059.0,8.639,0.328,6.139,3.97,0.187,0.188,21105.199,0.992,45.926,1.81
273,Latvia,2008,LVA,2150411.0,8.199,-0.44,6.099,3.813,0.185,0.177,21504.193,1.044,46.243,1.52
274,Latvia,2009,LVA,2126268.0,7.457,-0.742,4.925,3.507,0.198,0.17,20609.242,1.164,43.821,0.75
275,Latvia,2010,LVA,2101537.0,8.555,1.098,6.673,4.071,0.238,0.172,23635.057,1.381,49.67,1.94
276,Latvia,2011,LVA,2076974.0,7.812,-0.743,7.417,3.761,0.206,0.176,21346.463,1.168,44.336,12.46
277,Latvia,2012,LVA,2053635.0,7.521,-0.291,8.952,3.662,0.19,0.164,22381.162,1.164,45.963,12.28
278,Latvia,2013,LVA,2031491.0,7.37,-0.151,7.231,3.628,0.182,0.167,21775.469,1.092,44.237,12.2
279,Latvia,2014,LVA,2011040.0,7.173,-0.196,7.527,3.567,0.173,0.176,20261.896,0.985,40.747,12.1
280,Latvia,2015,LVA,1991951.0,7.263,0.09,10.91,3.646,0.171,0.174,20957.162,0.982,41.746,12.15
281,Latvia,2016,LVA,1973477.0,7.212,-0.052,8.276,3.654,0.167,0.162,22548.604,1.028,44.499,11.85
282,Latvia,2017,LVA,1954861.0,7.216,0.005,9.457,3.691,0.161,0.147,25054.545,1.09,48.978,11.78
283,Latvia,2018,LVA,1935632.0,7.863,0.647,10.257,4.062,0.168,0.18,22506.594,0.93,43.564,12.33
284,Latvia,2019,LVA,1916552.0,7.651,-0.212,10.39,3.992,,0.171,23394.699,,44.837,12.17
285,Latvia,2020,LVA,1897057.0,7.0,-0.651,10.141,3.69,,0.171,21535.734,,40.855,11.53
286,Latvia,2021,LVA,1873926.0,7.24,0.241,10.941,3.864,,0.171,22625.613,,42.399,
287,Latvia,2022,LVA,1850654.0,6.591,-0.649,10.582,3.562,,0.166,21435.611,,39.67,
288,Lithuania,2007,LTU,3272416.0,15.475,1.279,8.38,4.729,0.238,0.158,29979.059,1.509,98.104,29.75
289,Lithuania,2008,LTU,3224384.0,14.919,-0.556,11.56,4.627,0.224,0.154,30124.529,1.456,97.133,29.18
290,Lithuania,2009,LTU,3180482.0,12.831,-2.088,13.997,4.034,0.226,0.143,28308.246,1.584,90.034,25.59
291,Lithuania,2010,LTU,3139021.0,13.803,0.973,14.096,4.397,0.239,0.21,20948.318,1.138,65.757,26.39
292,Lithuania,2011,LTU,3099800.0,13.961,0.158,15.147,4.504,0.228,0.204,22097.504,1.118,68.498,19.76
293,Lithuania,2012,LTU,3063340.0,14.056,0.095,16.713,4.588,0.221,0.205,22394.059,1.079,68.601,19.69
294,Lithuania,2013,LTU,3028191.0,13.154,-0.902,18.14,4.344,0.2,0.207,20938.49,0.963,63.406,18.79
295,Lithuania,2014,LTU,2994928.0,12.855,-0.299,16.104,4.292,0.189,0.21,20422.297,0.898,61.163,18.29
296,Lithuania,2015,LTU,2963764.0,13.055,0.201,13.085,4.405,0.188,0.204,21569.006,0.922,63.925,18.55
297,Lithuania,2016,LTU,2933676.0,13.122,0.066,12.208,4.473,0.185,0.201,22207.523,0.919,65.15,24.01
298,Lithuania,2017,LTU,2904452.0,13.286,0.164,14.554,4.574,0.18,0.194,23635.178,0.929,68.647,23.92
299,Lithuania,2018,LTU,2876128.0,13.435,0.149,12.992,4.671,0.175,0.19,24616.006,0.924,70.799,24.0
300,Lithuania,2019,LTU,2849083.0,13.678,0.243,12.725,4.801,,0.193,24873.117,,70.866,24.12
301,Lithuania,2020,LTU,2820269.0,13.539,-0.139,12.42,4.8,,0.193,24924.742,,70.294,24.13
302,Lithuania,2021,LTU,2786652.0,13.83,0.291,12.565,4.963,,0.197,25173.395,,70.149,
303,Lithuania,2022,LTU,2750058.0,12.667,-1.162,11.265,4.606,,0.199,23151.053,,63.667,
304,Luxembourg,2007,LUX,479877.0,11.307,-0.604,11.472,23.562,0.402,0.226,104455.211,1.784,50.126,11.6
305,Luxembourg,2008,LUX,488643.0,11.172,-0.134,11.245,22.864,0.404,0.225,101834.57,1.801,49.761,11.52
306,Luxembourg,2009,LUX,497876.0,10.63,-0.542,10.71,21.351,0.404,0.223,95591.977,1.808,47.593,10.93
307,Luxembourg,2010,LUX,507075.0,11.198,0.567,11.286,22.083,0.407,0.223,98832.992,1.822,50.116,11.52
308,Luxembourg,2011,LUX,518207.0,11.102,-0.095,11.215,21.425,0.395,0.227,94211.609,1.738,48.821,11.66
309,Luxembourg,2012,LUX,530596.0,10.872,-0.23,10.975,20.49,0.388,0.227,90375.617,1.713,47.953,11.43
310,Luxembourg,2013,LUX,543068.0,10.339,-0.533,10.471,19.038,0.355,0.226,84137.461,1.57,45.692,10.92
311,Luxembourg,2014,LUX,556075.0,9.823,-0.515,9.957,17.666,0.32,0.222,79619.141,1.44,44.274,10.4
312,Luxembourg,2015,LUX,569415.0,9.351,-0.472,9.446,16.422,0.292,0.217,75576.625,1.346,43.034,9.89
313,Luxembourg,2016,LUX,583355.0,9.094,-0.257,9.209,15.589,0.273,0.214,72784.555,1.273,42.459,9.56
314,Luxembourg,2017,LUX,596290.0,9.268,0.174,9.373,15.543,0.273,0.209,74384.773,1.306,44.355,9.74
315,Luxembourg,2018,LUX,607920.0,9.574,0.306,9.668,15.749,0.273,0.206,76376.742,1.326,46.431,10.04
316,Luxembourg,2019,LUX,619981.0,9.77,0.196,9.871,15.758,,0.207,76273.703,,47.288,10.22
317,Luxembourg,2020,LUX,630401.0,8.068,-1.702,8.169,12.798,,0.199,64241.789,,40.498,8.54
318,Luxembourg,2021,LUX,639330.0,8.43,0.362,8.534,13.185,,0.195,67687.906,,43.275,
319,Luxembourg,2022,LUX,647601.0,7.524,-0.906,7.629,11.618,,0.193,60334.328,,39.073,
320,Netherlands,2007,NLD,16391232.0,172.747,-0.245,181.324,10.539,0.24,0.156,67568.078,1.536,1107.524,204.32
321,Netherlands,2008,NLD,16460775.0,175.711,2.964,183.402,10.675,0.238,0.161,66484.648,1.484,1094.389,201.64
322,Netherlands,2009,NLD,16536200.0,170.336,-5.375,177.765,10.301,0.239,0.158,65268.383,1.512,1079.291,196.57
323,Netherlands,2010,NLD,16617121.0,182.359,12.023,188.451,10.974,0.251,0.156,70448.461,1.608,1170.651,207.22
324,Netherlands,2011,NLD,16701470.0,169.124,-13.235,174.329,10.126,0.227,0.152,66766.094,1.498,1115.092,194.3
325,Netherlands,2012,NLD,16785296.0,165.482,-3.642,172.12,9.859,0.225,0.151,65277.332,1.488,1095.699,192.68
326,Netherlands,2013,NLD,16867352.0,164.874,-0.608,170.764,9.775,0.224,0.155,63014.336,1.446,1062.885,192.35
327,Netherlands,2014,NLD,16954080.0,157.468,-7.407,163.219,9.288,0.211,0.155,59946.082,1.363,1016.331,185.15
328,Netherlands,2015,NLD,17041110.0,163.802,6.335,169.245,9.612,0.216,0.158,60683.023,1.361,1034.106,193.4
329,Netherlands,2016,NLD,17124512.0,164.691,0.889,170.111,9.617,0.212,0.158,60943.148,1.344,1043.622,194.3
330,Netherlands,2017,NLD,17207204.0,162.203,-2.489,167.323,9.426,0.203,0.154,61101.004,1.316,1051.377,190.29
331,Netherlands,2018,NLD,17286042.0,158.134,-4.069,163.01,9.148,0.193,0.154,59348.102,1.254,1025.894,184.43
332,Netherlands,2019,NLD,17363260.0,152.509,-5.624,157.202,8.783,,0.149,58836.934,,1021.601,178.85
333,Netherlands,2020,NLD,17434562.0,136.685,-15.825,136.767,7.84,,0.138,56705.539,,988.636,162.55
334,Netherlands,2021,NLD,17501696.0,139.907,3.222,140.17,7.994,,0.138,58009.895,,1015.272,
335,Netherlands,2022,NLD,17564020.0,125.358,-14.549,125.693,7.137,,0.127,56000.762,,983.599,
336,New Zealand,2007,NZL,4221495.0,36.41,-0.92,21.904,8.625,0.275,0.159,54356.551,1.732,229.466,61.89
337,New Zealand,2008,NZL,4260235.0,37.508,1.099,29.686,8.804,0.284,0.163,54010.57,1.742,230.098,61.85
338,New Zealand,2009,NZL,4302884.0,34.62,-2.888,24.409,8.046,0.261,0.151,53337.418,1.728,229.505,58.98
339,New Zealand,2010,NZL,4346345.0,34.81,0.19,26.68,8.009,0.257,0.148,54097.281,1.734,235.125,59.12
340,New Zealand,2011,NZL,4381274.0,34.265,-0.545,28.498,7.821,0.248,0.145,53886.934,1.705,236.093,64.7
341,New Zealand,2012,NZL,4410285.0,35.944,1.679,31.429,8.15,0.253,0.151,53929.512,1.675,237.845,67.16
342,New Zealand,2013,NZL,4450641.0,35.24,-0.704,34.596,7.918,0.243,0.147,53825.684,1.653,239.559,66.79
343,New Zealand,2014,NZL,4514198.0,35.438,0.198,35.125,7.85,0.238,0.141,55530.688,1.682,250.677,67.41
344,New Zealand,2015,NZL,4590591.0,35.812,0.374,34.934,7.801,0.233,0.142,54939.43,1.641,252.204,66.79
345,New Zealand,2016,NZL,4668088.0,34.153,-1.659,33.556,7.316,0.214,0.134,54612.461,1.595,254.936,71.5
346,New Zealand,2017,NZL,4746253.0,35.687,1.534,37.294,7.519,0.215,0.137,54745.461,1.567,259.836,73.12
347,New Zealand,2018,NZL,4838528.0,35.704,0.017,37.64,7.379,0.209,0.138,53424.102,1.512,258.494,72.51
348,New Zealand,2019,NZL,4959033.0,36.879,1.175,39.561,7.437,,0.14,53259.336,,264.115,73.89
349,New Zealand,2020,NZL,5061130.0,34.237,-2.642,36.992,6.765,,0.143,47384.516,,239.819,70.86
350,New Zealand,2021,NZL,5129730.0,34.318,0.081,36.893,6.69,,0.146,45906.223,,235.487,
351,New Zealand,2022,NZL,5185289.0,32.212,-2.106,34.777,6.212,,0.138,44939.27,,233.023,
352,Norway,2007,NOR,4709582.0,45.588,1.746,51.316,9.68,0.129,0.083,117053.125,1.563,551.271,30.44
353,Norway,2008,NOR,4768654.0,44.675,-0.913,50.486,9.368,0.122,0.079,118381.93,1.547,564.522,29.13
354,Norway,2009,NOR,4829195.0,43.081,-1.594,48.693,8.921,0.116,0.083,107938.016,1.409,521.254,28.73
355,Norway,2010,NOR,4889747.0,45.621,2.54,51.52,9.33,0.119,0.091,102332.453,1.304,500.38,31.34
356,Norway,2011,NOR,4953565.0,44.747,-0.874,50.468,9.033,0.112,0.088,102448.797,1.271,507.487,34.13
357,Norway,2012,NOR,5019058.0,44.228,-0.519,50.012,8.812,0.108,0.079,111982.734,1.37,562.048,33.79
358,Norway,2013,NOR,5080667.0,44.516,0.288,50.756,8.762,0.107,0.084,103711.922,1.271,526.926,34.53
359,Norway,2014,NOR,5137926.0,44.958,0.442,51.43,8.75,0.106,0.083,105633.75,1.285,542.738,34.61
360,Norway,2015,NOR,5190357.0,45.494,0.536,52.147,8.765,0.106,0.083,105580.383,1.277,548.0,35.28
361,Norway,2016,NOR,5236591.0,44.678,-0.816,51.604,8.532,0.103,0.08,106194.953,1.283,556.1,34.73
362,Norway,2017,NOR,5277396.0,44.165,-0.513,51.342,8.369,0.1,0.079,105901.328,1.26,558.883,34.4
363,Norway,2018,NOR,5312321.0,44.405,0.24,51.534,8.359,0.099,0.081,103558.188,1.224,550.134,33.76
364,Norway,2019,NOR,5348285.0,42.793,-1.612,50.067,8.001,,0.083,96392.5,,515.535,32.82
365,Norway,2020,NOR,5379836.0,41.231,-1.562,48.585,7.664,,0.074,103888.891,,558.905,31.33
366,Norway,2021,NOR,5403021.0,41.028,-0.203,48.663,7.594,,0.072,105328.086,,569.09,
367,Norway,2022,NOR,5434324.0,40.808,-0.22,48.844,7.509,,0.077,96926.234,,526.729,
368,Poland,2007,POL,38521868.0,335.92,-0.652,297.112,8.72,0.483,0.302,28913.844,1.6,1113.815,323.76
369,Poland,2008,POL,38522884.0,329.567,-6.353,287.913,8.555,0.45,0.291,29419.189,1.547,1133.312,317.55
370,Poland,2009,POL,38555288.0,316.021,-13.546,248.021,8.197,0.417,0.289,28364.893,1.441,1093.617,302.74
371,Poland,2010,POL,38597356.0,334.225,18.203,296.561,8.659,0.422,0.287,30213.855,1.472,1166.175,321.18
372,Poland,2011,POL,38620848.0,333.599,-0.626,278.601,8.638,0.397,0.284,30370.395,1.397,1172.93,361.8
373,Poland,2012,POL,38625872.0,325.953,-7.645,268.243,8.439,0.382,0.286,29494.252,1.335,1139.241,354.82
374,Poland,2013,POL,38607352.0,321.927,-4.026,269.395,8.338,0.372,0.282,29578.533,1.32,1141.949,349.03
375,Poland,2014,POL,38581880.0,309.582,-12.345,256.397,8.024,0.346,0.281,28535.256,1.232,1100.944,335.81
376,Poland,2015,POL,38553148.0,312.715,3.133,260.743,8.111,0.337,0.281,28851.459,1.199,1112.315,338.97
377,Poland,2016,POL,38532108.0,323.547,10.832,274.659,8.397,0.34,0.279,30122.609,1.218,1160.688,343.96
378,Poland,2017,POL,38532816.0,336.765,13.218,289.335,8.74,0.337,0.279,31295.422,1.206,1205.901,357.31
379,Poland,2018,POL,38521464.0,336.081,-0.685,298.164,8.725,0.319,0.276,31661.174,1.158,1219.635,355.52
380,Poland,2019,POL,38493600.0,317.683,-18.398,277.588,8.253,,0.268,30777.799,,1184.748,337.91
381,Poland,2020,POL,38428368.0,302.437,-15.245,263.564,7.87,,0.267,29514.133,,1134.18,320.92
382,Poland,2021,POL,38307724.0,331.077,28.64,293.902,8.643,,0.27,32001.074,,1225.888,
383,Poland,2022,POL,39857144.0,323.117,-7.96,287.777,8.107,,0.27,30065.42,,1198.322,
384,Portugal,2007,PRT,10565547.0,62.355,-2.488,58.826,5.902,0.234,0.21,28116.701,1.113,297.068,77.08
385,Portugal,2008,PRT,10580963.0,60.028,-2.327,53.888,5.673,0.224,0.209,27100.385,1.068,286.748,74.83
386,Portugal,2009,PRT,10591341.0,57.136,-2.892,49.437,5.395,0.218,0.198,27307.855,1.106,289.227,74.04
387,Portugal,2010,PRT,10588401.0,52.934,-4.202,46.089,4.999,0.198,0.174,28813.4,1.14,305.088,68.64
388,Portugal,2011,PRT,10564820.0,51.74,-1.194,46.843,4.897,0.196,0.178,27547.613,1.104,291.036,66.35
389,Portugal,2012,PRT,10522085.0,49.899,-1.841,47.815,4.742,0.197,0.188,25259.119,1.05,265.779,64.66
390,Portugal,2013,PRT,10464537.0,48.103,-1.796,44.078,4.597,0.192,0.165,27884.039,1.166,291.794,62.97
391,Portugal,2014,PRT,10408379.0,47.885,-0.218,43.455,4.601,0.19,0.161,28600.113,1.179,297.681,62.56
392,Portugal,2015,PRT,10365436.0,52.203,4.318,47.456,5.036,0.204,0.179,28096.076,1.135,291.228,66.68
393,Portugal,2016,PRT,10332751.0,50.367,-1.837,45.64,4.874,0.194,0.162,30146.477,1.197,311.496,66.78
394,Portugal,2017,PRT,10307528.0,55.106,4.74,49.865,5.346,0.205,0.183,29287.125,1.121,301.878,71.73
395,Portugal,2018,PRT,10289833.0,51.373,-3.734,45.512,4.993,0.186,0.167,29893.375,1.113,307.598,66.89
396,Portugal,2019,PRT,10289921.0,47.494,-3.879,41.23,4.616,,0.162,28468.561,,292.939,61.84
397,Portugal,2020,PRT,10298186.0,41.695,-5.799,35.08,4.049,,0.157,25782.078,,265.509,56.01
398,Portugal,2021,PRT,10290109.0,39.938,-1.757,33.117,3.881,,0.15,25884.49,,266.354,
399,Portugal,2022,PRT,10270857.0,41.605,1.667,34.63,4.051,,0.161,25094.396,,257.741,
400,Slovakia,2007,SVK,5378381.0,40.972,-1.592,42.955,7.618,0.364,0.198,38418.406,1.834,206.629,36.78
401,Slovakia,2008,SVK,5381641.0,41.364,0.393,43.777,7.686,0.348,0.195,39431.949,1.787,212.209,36.81
402,Slovakia,2009,SVK,5388934.0,37.626,-3.739,40.97,6.982,0.336,0.196,35687.539,1.716,192.318,33.17
403,Slovakia,2010,SVK,5396428.0,38.409,0.783,42.484,7.117,0.327,0.187,38080.727,1.749,205.5,34.7
404,Slovakia,2011,SVK,5402686.0,37.989,-0.42,42.537,7.031,0.315,0.192,36591.309,1.64,197.691,33.99
405,Slovakia,2012,SVK,5409283.0,35.913,-2.075,39.972,6.639,0.293,0.189,35105.086,1.55,189.893,31.63
406,Slovakia,2013,SVK,5414744.0,35.57,-0.344,39.204,6.569,0.286,0.183,35936.512,1.565,194.587,32.29
407,Slovakia,2014,SVK,5419572.0,33.659,-1.911,35.197,6.211,0.264,0.186,33419.594,1.42,181.12,29.65
408,Slovakia,2015,SVK,5424449.0,34.472,0.813,35.074,6.355,0.26,0.188,33734.289,1.382,182.99,30.08
409,Slovakia,2016,SVK,5431205.0,34.914,0.442,34.808,6.428,0.255,0.189,34015.234,1.351,184.744,37.47
410,Slovakia,2017,SVK,5439418.0,36.114,1.2,35.429,6.639,0.256,0.186,35774.91,1.38,194.595,39.4
411,Slovakia,2018,SVK,5446746.0,36.106,-0.009,34.904,6.629,0.247,0.189,35121.086,1.306,191.296,38.85
412,Slovakia,2019,SVK,5453932.0,33.779,-2.327,32.159,6.193,,0.183,33892.781,,184.849,37.01
413,Slovakia,2020,SVK,5456681.0,31.097,-2.682,29.125,5.699,,0.172,33193.328,,181.125,34.95
414,Slovakia,2021,SVK,5447621.0,35.167,4.07,32.904,6.455,,0.18,35836.406,,195.223,
415,Slovakia,2022,SVK,5643455.0,34.152,-1.015,31.651,6.052,,0.179,33887.691,,191.244,
416,Slovenia,2007,SVN,2023230.0,17.343,0.165,24.433,8.572,0.311,0.203,42242.93,1.533,85.467,8.0
417,Slovenia,2008,SVN,2034037.0,18.278,0.936,20.994,8.986,0.319,0.195,46037.57,1.633,93.642,8.97
418,Slovenia,2009,SVN,2045578.0,16.204,-2.074,19.134,7.922,0.308,0.187,42289.82,1.643,86.507,7.0
419,Slovenia,2010,SVN,2057294.0,16.46,0.256,19.772,8.001,0.31,0.19,42123.359,1.633,86.66,7.29
420,Slovenia,2011,SVN,2065457.0,16.359,-0.101,19.938,7.92,0.308,0.194,40734.336,1.582,84.135,16.13
421,Slovenia,2012,SVN,2069365.0,15.76,-0.599,19.998,7.616,0.304,0.193,39508.945,1.579,81.758,15.52
422,Slovenia,2013,SVN,2072374.0,15.128,-0.631,18.963,7.3,0.295,0.187,39029.039,1.58,80.883,14.89
423,Slovenia,2014,SVN,2074923.0,13.561,-1.567,17.005,6.536,0.257,0.163,39987.75,1.572,82.972,13.39
424,Slovenia,2015,SVN,2080865.0,13.645,0.084,17.18,6.558,0.253,0.182,35959.715,1.385,74.827,13.48
425,Slovenia,2016,SVN,2090020.0,14.458,0.813,17.93,6.918,0.261,0.181,38266.707,1.444,79.978,17.27
426,Slovenia,2017,SVN,2098396.0,14.617,0.158,17.069,6.966,0.252,0.181,38524.098,1.393,80.839,17.45
427,Slovenia,2018,SVN,2105931.0,14.52,-0.097,17.168,6.895,0.24,0.176,39165.715,1.365,82.48,17.32
428,Slovenia,2019,SVN,2112905.0,14.039,-0.48,16.417,6.645,,0.175,37905.922,,80.092,16.9
429,Slovenia,2020,SVN,2117648.0,12.855,-1.185,14.891,6.07,,0.166,36542.867,,77.385,15.65
430,Slovenia,2021,SVN,2119408.0,13.06,0.205,14.764,6.162,,0.17,36175.777,,76.671,
431,Slovenia,2022,SVN,2119843.0,12.715,-0.345,14.077,5.998,,0.174,34391.094,,72.904,
432,South Korea,2007,KOR,48220600.0,521.709,18.231,516.352,10.819,0.361,0.19,57040.523,1.901,2750.528,506.15
433,South Korea,2008,KOR,48398632.0,532.651,10.942,527.158,11.005,0.361,0.19,57774.648,1.893,2796.214,519.03
434,South Korea,2009,KOR,48588024.0,537.82,5.169,532.836,11.069,0.364,0.191,57865.918,1.903,2811.591,532.97
435,South Korea,2010,KOR,48813036.0,594.339,56.519,588.716,12.176,0.38,0.196,62221.305,1.943,3037.211,584.93
436,South Korea,2011,KOR,49169880.0,623.443,29.104,621.962,12.679,0.387,0.196,64630.859,1.975,3177.892,618.62
437,South Korea,2012,KOR,49634188.0,627.943,4.5,624.068,12.651,0.381,0.195,64802.52,1.954,3216.42,622.01
438,South Korea,2013,KOR,50098228.0,634.581,6.638,630.1,12.667,0.375,0.197,64441.535,1.906,3228.407,622.42
439,South Korea,2014,KOR,50558044.0,629.366,-5.214,624.948,12.448,0.36,0.193,64414.168,1.861,3256.654,611.96
440,South Korea,2015,KOR,50994396.0,634.177,4.811,629.238,12.436,0.352,0.191,64988.355,1.842,3314.042,632.92
441,South Korea,2016,KOR,51309984.0,637.914,3.737,632.877,12.433,0.345,0.187,66508.258,1.845,3412.538,647.92
442,South Korea,2017,KOR,51511640.0,654.537,16.623,649.466,12.707,0.343,0.19,66910.398,1.807,3446.665,661.65
443,South Korea,2018,KOR,51676900.0,670.169,15.631,664.409,12.968,0.342,0.191,67828.93,1.79,3505.189,668.67
444,South Korea,2019,KOR,51803832.0,646.102,-24.066,640.011,12.472,,0.186,66896.133,,3465.476,653.38
445,South Korea,2020,KOR,51844688.0,597.634,-48.468,591.513,11.527,,0.179,64311.133,,3334.191,613.54
446,South Korea,2021,KOR,51830136.0,616.075,18.441,609.634,11.886,,0.177,67330.305,,3489.739,
447,South Korea,2022,KOR,51815808.0,600.999,-15.076,594.387,11.599,,0.17,68126.188,,3530.013,
448,Spain,2007,ESP,45245784.0,367.399,7.746,343.312,8.12,0.245,0.199,40817.645,1.232,1846.826,415.34
449,Spain,2008,ESP,45966544.0,335.887,-31.512,311.747,7.307,0.22,0.187,39067.871,1.175,1795.815,382.03
450,Spain,2009,ESP,46367772.0,296.5,-39.387,273.63,6.395,0.199,0.178,35904.375,1.12,1664.806,345.93
451,Spain,2010,ESP,46572776.0,282.937,-13.563,254.062,6.075,0.189,0.165,36714.199,1.141,1709.882,331.0
452,Spain,2011,ESP,46729232.0,283.799,0.862,295.985,6.073,0.19,0.169,35901.07,1.122,1677.629,341.95
453,Spain,2012,ESP,46756084.0,278.06,-5.739,262.239,5.947,0.191,0.167,35681.477,1.148,1668.326,335.52
454,Spain,2013,ESP,46603460.0,251.94,-26.12,237.062,5.406,0.176,0.159,34008.008,1.109,1584.891,309.12
455,Spain,2014,ESP,46464548.0,254.18,2.239,238.21,5.47,0.175,0.163,33478.238,1.073,1555.551,307.85
456,Spain,2015,ESP,46431344.0,270.767,16.588,249.348,5.832,0.181,0.172,33920.238,1.052,1574.962,318.39
457,Spain,2016,ESP,46473320.0,259.629,-11.138,239.523,5.587,0.183,0.163,34212.625,1.122,1589.974,302.82
458,Spain,2017,ESP,46584168.0,273.592,13.963,255.303,5.873,0.188,0.17,34520.543,1.103,1608.111,319.43
459,Spain,2018,ESP,46792044.0,268.601,-4.992,249.668,5.74,0.18,0.164,34986.293,1.097,1637.08,312.92
460,Spain,2019,ESP,47131372.0,250.661,-17.94,231.262,5.318,,0.158,33764.863,,1591.384,295.49
461,Spain,2020,ESP,47363808.0,213.625,-37.035,193.952,4.51,,0.148,30391.289,,1439.447,256.41
462,Spain,2021,ESP,47486932.0,230.269,16.644,210.31,4.849,,0.149,32491.648,,1542.929,
463,Spain,2022,ESP,47558632.0,245.614,15.344,225.618,5.164,,0.154,33615.332,,1598.699,
464,Sweden,2007,SWE,9164274.0,52.994,-0.744,57.567,5.783,0.137,0.082,70870.68,1.674,649.478,53.31
465,Sweden,2008,SWE,9229282.0,50.867,-2.127,55.538,5.511,0.131,0.079,69369.703,1.646,640.233,52.17
466,Sweden,2009,SWE,9301413.0,47.239,-3.628,52.364,5.079,0.127,0.081,63081.84,1.573,586.75,48.39
467,Sweden,2010,SWE,9381722.0,53.12,5.881,57.913,5.662,0.133,0.085,66485.906,1.56,623.752,54.17
468,Sweden,2011,SWE,9467384.0,49.211,-3.909,53.428,5.198,0.124,0.08,64929.965,1.546,614.717,39.18
469,Sweden,2012,SWE,9555984.0,46.712,-2.499,50.943,4.888,0.118,0.072,68276.211,1.646,652.446,36.41
470,Sweden,2013,SWE,9648935.0,45.202,-1.51,49.471,4.685,0.113,0.074,63351.668,1.523,611.276,34.63
471,Sweden,2014,SWE,9747507.0,43.473,-1.729,48.233,4.46,0.106,0.071,62421.891,1.477,608.458,33.44
472,Sweden,2015,SWE,9849344.0,43.419,-0.055,48.341,4.408,0.101,0.069,63877.484,1.468,629.151,33.41
473,Sweden,2016,SWE,9953322.0,43.414,-0.005,48.409,4.362,0.098,0.07,62081.117,1.394,617.913,38.51
474,Sweden,2017,SWE,10058191.0,42.457,-0.958,48.27,4.221,0.093,0.067,63417.605,1.403,637.866,38.23
475,Sweden,2018,SWE,10162300.0,42.037,-0.42,47.317,4.137,0.091,0.067,61487.004,1.348,624.849,36.09
476,Sweden,2019,SWE,10267922.0,41.006,-1.031,46.415,3.994,,0.063,63283.469,,649.79,35.44
477,Sweden,2020,SWE,10368968.0,36.686,-4.32,42.195,3.538,,0.06,59395.523,,615.87,34.14
478,Sweden,2021,SWE,10467095.0,38.525,1.838,44.074,3.681,,0.061,60186.461,,629.977,
479,Sweden,2022,SWE,10549349.0,38.051,-0.474,43.668,3.607,,0.06,59926.805,,632.189,
480,Switzerland,2007,CHE,7541909.0,43.363,-2.005,43.258,5.75,0.103,0.124,46220.898,0.832,348.594,51.17
481,Switzerland,2008,CHE,7638288.0,44.706,1.343,44.445,5.853,0.102,0.124,47155.75,0.825,360.189,52.79
482,Switzerland,2009,CHE,7734402.0,43.53,-1.176,43.228,5.628,0.1,0.121,46436.273,0.826,359.157,51.35
483,Switzerland,2010,CHE,7822444.0,45.043,1.514,44.755,5.758,0.099,0.129,44714.965,0.767,349.78,52.92
484,Switzerland,2011,CHE,7910988.0,40.981,-4.062,40.645,5.18,0.087,0.123,41971.254,0.702,332.034,48.96
485,Switzerland,2012,CHE,7995738.0,42.249,1.268,41.891,5.284,0.088,0.12,43889.645,0.735,350.93,50.26
486,Switzerland,2013,CHE,8088370.0,43.182,0.934,43.017,5.339,0.089,0.12,44514.031,0.741,360.046,51.29
487,Switzerland,2014,CHE,8187792.0,39.229,-3.954,38.91,4.791,0.079,0.114,41980.578,0.693,343.728,47.48
488,Switzerland,2015,CHE,8281735.0,38.726,-0.503,38.428,4.676,0.077,0.115,40582.914,0.672,336.097,46.7
489,Switzerland,2016,CHE,8372902.0,39.179,0.453,38.783,4.679,0.077,0.124,37755.191,0.622,316.121,47.18
490,Switzerland,2017,CHE,8451688.0,38.172,-1.007,37.756,4.517,0.074,0.12,37489.188,0.612,316.847,46.2
491,Switzerland,2018,CHE,8514431.0,36.867,-1.305,36.417,4.33,0.069,0.115,37794.062,0.605,321.795,44.96
492,Switzerland,2019,CHE,8575593.0,36.727,-0.14,36.197,4.283,,0.109,39156.449,,335.79,44.74
493,Switzerland,2020,CHE,8638609.0,34.235,-2.492,33.692,3.963,,0.111,35766.375,,308.972,42.25
494,Switzerland,2021,CHE,8691409.0,35.787,1.552,35.299,4.118,,0.12,34368.309,,298.709,
495,Switzerland,2022,CHE,8740471.0,35.38,-0.407,34.955,4.048,,0.121,33350.754,,291.501,
496,United Kingdom,2007,GBR,61260680.0,559.566,-8.279,577.295,9.134,0.247,0.215,42517.129,1.149,2604.628,671.69
497,United Kingdom,2008,GBR,61742152.0,544.932,-14.634,555.837,8.826,0.242,0.213,41451.902,1.137,2559.33,651.07
498,United Kingdom,2009,GBR,62243384.0,494.108,-50.825,501.791,7.938,0.23,0.203,39040.559,1.129,2430.017,594.77
499,United Kingdom,2010,GBR,62760048.0,511.905,17.797,518.709,8.157,0.234,0.206,39540.008,1.133,2481.533,607.41
500,United Kingdom,2011,GBR,63286360.0,469.713,-42.191,480.352,7.422,0.211,0.201,37007.074,1.054,2342.043,565.57
501,United Kingdom,2012,GBR,63808728.0,487.477,17.763,504.416,7.64,0.217,0.205,37292.91,1.057,2379.613,585.43
502,United Kingdom,2013,GBR,64302296.0,477.611,-9.866,493.449,7.428,0.208,0.201,36881.977,1.034,2371.596,567.81
503,United Kingdom,2014,GBR,64773504.0,438.807,-38.804,450.675,6.774,0.186,0.196,34583.77,0.948,2240.112,528.21
504,United Kingdom,2015,GBR,65224368.0,422.461,-16.346,442.195,6.477,0.175,0.186,34890.32,0.942,2275.699,512.98
505,United Kingdom,2016,GBR,65655204.0,399.43,-23.031,418.408,6.084,0.162,0.177,34296.684,0.915,2251.756,493.0
506,United Kingdom,2017,GBR,66064808.0,387.367,-12.063,399.686,5.863,0.155,0.172,34098.812,0.899,2252.731,476.57
507,United Kingdom,2018,GBR,66432996.0,379.73,-7.637,393.51,5.716,0.149,0.169,33771.496,0.883,2243.542,468.34
508,United Kingdom,2019,GBR,66778660.0,364.753,-14.976,378.681,5.462,,0.166,32893.762,,2196.601,452.15
509,United Kingdom,2020,GBR,67059472.0,326.263,-38.49,341.696,4.865,,0.165,29425.539,,1973.261,411.12
510,United Kingdom,2021,GBR,67281040.0,347.465,21.202,362.887,5.164,,0.174,29716.807,,1999.378,
511,United Kingdom,2022,GBR,67508936.0,318.654,-28.811,334.585,4.72,,0.157,30097.885,,2031.876,
512,United States,2007,USA,302743392.0,6130.123,77.437,6076.254,20.249,0.399,0.227,89395.141,1.761,27063.787,6397.65
513,United States,2008,USA,305694912.0,5915.119,-215.004,5912.461,19.35,0.386,0.224,86378.648,1.724,26405.514,6211.3
514,United States,2009,USA,308512032.0,5480.726,-434.393,5430.801,17.765,0.368,0.218,81376.18,1.686,25105.531,5793.39
515,United States,2010,USA,311182848.0,5679.715,198.99,5687.592,18.252,0.372,0.219,83397.477,1.699,25951.863,6063.3
516,United States,2011,USA,313876608.0,5546.116,-133.599,5466.796,17.67,0.358,0.216,81962.359,1.659,25726.066,5847.39
517,United States,2012,USA,316651328.0,5344.086,-202.03,5371.383,16.877,0.337,0.213,79102.344,1.58,25047.863,5628.8
518,United States,2013,USA,319375168.0,5480.157,136.071,5462.715,17.159,0.34,0.213,80556.516,1.597,25727.75,5769.63
519,United States,2014,USA,322033952.0,5528.681,48.524,5575.057,17.168,0.335,0.213,80725.086,1.577,25996.219,5816.48
520,United States,2015,USA,324607776.0,5376.473,-152.208,5402.494,16.563,0.318,0.209,79317.367,1.523,25747.033,5705.12
521,United States,2016,USA,327210208.0,5252.932,-123.541,5320.76,16.054,0.306,0.204,78613.539,1.499,25723.152,5783.0
522,United States,2017,USA,329791232.0,5212.162,-40.77,5357.28,15.804,0.296,0.202,78289.008,1.467,25819.029,5728.79
523,United States,2018,USA,332140032.0,5377.797,165.635,5486.095,16.191,0.296,0.201,80583.344,1.475,26764.953,5935.52
524,United States,2019,USA,334319680.0,5262.145,-115.652,5374.306,15.74,,0.198,79489.016,,26574.742,5819.48
525,United States,2020,USA,335942016.0,4714.628,-547.517,4829.357,14.034,,0.192,73236.141,,24603.098,5289.13
526,United States,2021,USA,336997632.0,5032.213,317.585,5159.809,14.932,,0.194,76988.75,,25945.025,
527,United States,2022,USA,338289856.0,5057.304,25.091,5199.053,14.95,,0.19,78754.273,,26641.771,
